V_alpha,V_beta,CDR3_alpha,CDR3_beta,J_alpha,J_beta
TRAV16N,TRBV29,CAMREVNTGNYKYVF,CASSLWGNEQYF,TRAJ40,TRBJ2-7
TRAV3-1,TRBV16,CAVIPDYSNNRLTL,CASSLELGGGEQYF,TRAJ7,TRBJ2-7
TRAV6D-6,TRBV14,CALGDPDSNNRIFF,CASSFTPSYEQYF,TRAJ31,TRBJ2-7
TRAV3-4,TRBV29,CAVSARGANTGKLTF,CASSLWGNEQYF,TRAJ52,TRBJ2-7
TRAV12N-1,TRBV20,CALRADYSNNRLTL,CGAGLGGAEQFF,TRAJ7,TRBJ2-1
TRAV7-4,TRBV19,CAASEYNYAQGLTF,CASSMGGARNSPLYF,TRAJ26,TRBJ1-6
TRAV12N-2,TRBV5,CALSDDYSNNRLTL,CASSQGQGSQNTLYF,TRAJ7,TRBJ2-4
TRAV10,TRBV2,CAANPDSNYQLIW,CASSQEFWGNTGQLYF,TRAJ33,TRBJ2-2
TRAV14D-3-DV8,TRBV12-1,CAASANYGSSGNKLIF,CASSLRENTEVFF,TRAJ32,TRBJ1-1
TRAV8N-2,TRBV15,CATDEDYSNNRLTL,CASSLAQKYEQYF,TRAJ7,TRBJ2-7
TRAV10,TRBV16,CAAATFDSNYQLIW,CASSPGTGDTEVFF,TRAJ33,TRBJ1-1
TRAV14N-2,TRBV12-1,CAASGSASLGKLQF,CASSLYKNSDYTF,TRAJ24,TRBJ1-2
TRAV3N-3,TRBV3,CAVRMNYNQGKLIF,CASSLATGTSAETLYF,TRAJ23,TRBJ2-3
TRAV16D-DV11,TRBV26,CAMRDDYSNNRLTL,CASSLTGGDEQYF,TRAJ7,TRBJ2-7
TRAV7D-2,TRBV26,CAASPNYNQGKLIF,CASSLRRGRDTEVFF,TRAJ23,TRBJ1-1
TRAV12-2,TRBV15,CALSGTGANTGKLTF,CASSLGGRAETLYF,TRAJ52,TRBJ2-3
TRAV16N,TRBV17,CAMREADYSNNRLTL,CASSRQGGRNTEVFF,TRAJ7,TRBJ1-1
TRAV7D-2,TRBV5,CAAKDYSNNRLTL,CASSQDPGVNTEVFF,TRAJ7,TRBJ1-1
TRAV14N-1,TRBV29,CAARGNMGYKLTF,CASILREGEVFF,TRAJ9,TRBJ1-1
TRAV10N,TRBV17,CAASTTGGYKVVF,CASSRGTEVFF,TRAJ12,TRBJ1-1
TRAV6-7-DV9,TRBV5,CALSDTGYQNFYF,CASSQTPGHLSNERLFF,TRAJ49,TRBJ1-4
TRAV16N,TRBV12-2+TRBV13-2,CAMRATSSGQKLVF,CASGDAGTGDYAEQFF,TRAJ16,TRBJ2-1
TRAV19,TRBV13-3,CAAGAAGSGGKLTL,CASSRDREDTEVFF,TRAJ44,TRBJ1-1
TRAV7D-2,TRBV16,CAASDYSNNRLTL,CASSLELGGNTQYF,TRAJ7,TRBJ2-5
TRAV6N-5,TRBV19,CALGESTNTGKLTF,CASSYMGQGNEQYF,TRAJ27,TRBJ2-7
TRAV9-2,TRBV19,CVLSAEDMGYKLTF,CASSYMGQGNEQYF,TRAJ9,TRBJ2-7
TRAV15D-1-DV6D-1,TRBV13-1,CALWELDTEGADRLTF,CASSGGGPNYAEQFF,TRAJ32,TRBJ2-1
TRAV9-2,TRBV13-1,CVLSAPYGSSGNKLIF,CASSGGGPNYAEQFF,TRAJ45,TRBJ2-1
TRAV16N,TRBV2,CAMREISSGSWQLIF,CASSQDHPSQNTLYF,TRAJ22,TRBJ2-4
TRAV4-4-DV10,TRBV20,CAAERNNNAPRF,CGAGLGGAEQFF,TRAJ43,TRBJ2-1
TRAV7D-2,TRBV16,CAAIDYSNNRLTL,CASSLELGGYYEQYF,TRAJ7,TRBJ2-7
TRAV14N-1,TRBV26,CAARDNTNTGKLTF,CASSLSQDYEQYF,TRAJ27,TRBJ2-7
TRAV7D-4,TRBV20,CAASDGSNNRIFF,CGAYRGQDTQYF,TRAJ31,TRBJ2-5
TRAV7-4,TRBV12-2,CAASDNTGNYKYVF,CASSRRDWGAEQFF,TRAJ40,TRBJ2-1
TRAV14N-2,TRBV14,CAASGTSGSWQLIF,CASSLRTSQNTLYF,TRAJ22,TRBJ2-4
TRAV14-3,TRBV13-3,CAASRPTGGNNKLTF,CASSDRDDAEQFF,TRAJ56,TRBJ2-1
TRAV5N-4,TRBV1,CAASVGGYKLTF,CTCSVGQGAGNTLYF,TRAJ9,TRBJ1-3
TRAV6D-6,TRBV15,CALGGMDSNYQLIW,CASSRDRGNTEVFF,TRAJ33,TRBJ1-1
TRAV12D-3,TRBV26,CALSADSGYNKLTF,CASSLSGGQDTQYF,TRAJ11,TRBJ2-5
TRAV16N,TRBV1,CAMRVYSGGSNAKLTF,CTCSALGAEQYF,TRAJ42,TRBJ2-7
TRAV8D-2,TRBV5,CATVPDYSNNRLTL,CASSQGQGAGNTLYF,TRAJ7,TRBJ1-3
TRAV9N-3,TRBV2,CAVRPDYSNNRLTL,CASSPGGGYAEQFF,TRAJ7,TRBJ2-1
TRAV7D-3,TRBV20,CAVSHPDYSNNRLTL,CGARGQGEQYF,TRAJ7,TRBJ2-7
TRAV9N-3,TRBV26,CAVSLPSNTNKVVF,CASRDNQDTQYF,TRAJ34,TRBJ2-5
TRAV7N-6,TRBV2,CAVVSSNTNKVVF,CASSQEGDGETLYF,TRAJ34,TRBJ2-3
TRAV6D-6,TRBV16,CALGYVGDNSKLIW,CASSPGTGDTEVFF,TRAJ38,TRBJ1-1
TRAV4-3,TRBV3,CAAEPYNAGAKLTF,CASSSNTGQLYF,TRAJ39,TRBJ2-2
TRAV4N-4,TRBV3,CAAEVQGGRALIF,CASSFRGAEVFF,TRAJ15,TRBJ1-1
TRAV4N-4,TRBV12-2,CAAGDGNEKITF,CASSLGSSGNTLYF,TRAJ48,TRBJ1-3
TRAV7D-2,TRBV12-2,CAVTGGTSSFSKLVF,CASSLGSSGNTLYF,TRAJ50,TRBJ1-3
TRAV14N-2,TRBV5,CAAKDYSNNRLTL,CASSQDPGGNTEVFF,TRAJ7,TRBJ1-1
TRAV4N-3,TRBV3,CAALYQGGRALIF,CASSPGQGIETLYF,TRAJ15,TRBJ2-3
TRAV14-1,TRBV29,CAARGTGGYKVVF,CASSSGRSYEQYF,TRAJ12,TRBJ2-7
TRAV14-3,TRBV14,CAASAATGGNNKLTF,CASSRPNNQAPLF,TRAJ56,TRBJ1-5
TRAV14-3,TRBV15,CAASANTGYQNFYF,CASSRTGGVAEQFF,TRAJ49,TRBJ2-1
TRAV7-4,TRBV3,CAASDMDSNYQLIW,CASSLRGGNERLFF,TRAJ33,TRBJ1-4
TRAV7D-2,TRBV5,CAASDYSNNRLTL,CASSQEQGGAETLYF,TRAJ7,TRBJ2-3
TRAV7-4,TRBV2,CAASEPLGSSGQKLVF,CASSQYAEQFF,TRAJ16,TRBJ2-1
TRAV7D-4,TRBV31,CAASGDDTNAYKVIF,CAWSRRGAGNTLYF,TRAJ30,TRBJ1-3
TRAV10D,TRBV20,CAASMGRIFF,CGAVRNQDTQYF,TRAJ31,TRBJ2-5
TRAV10N,TRBV14,CAASRTSSGQKLVF,CASSRTGEQYF,TRAJ16,TRBJ2-7
TRAV6N-7,TRBV14,CALGDNTNTGKLTF,CASSRTGEQYF,TRAJ27,TRBJ2-7
TRAV14N-1,TRBV12-1,CAASSSSGSWQLIF,CASSLGKTYEQYF,TRAJ22,TRBJ2-7
TRAV14N-3,TRBV19,CAASSVGDNSKLIW,CASSTRDRNNQAPLF,TRAJ38,TRBJ1-5
TRAV13-1,TRBV1,CAATTGNTGKLIF,CTCSAGGRDTQYF,TRAJ32,TRBJ2-5
TRAV5-4,TRBV1,CALEVNYGSSGNKLIF,CTCSAGGRDTQYF,TRAJ37,TRBJ2-5
TRAV7D-2,TRBV3,CAATVDSGYNKLTF,CASSLSGQNTEVFF,TRAJ11,TRBJ1-1
TRAV13-1,TRBV14,CALDPDYANKMIF,CASSFGYEQYF,TRAJ47,TRBJ2-7
TRAV13-1,TRBV13-3,CALELNTGNYKYVF,CASSDRQGRAEQFF,TRAJ40,TRBJ2-1
TRAV6D-6,TRBV1,CALGDYNVLYF,CTCSAGGGVYAEQFF,TRAJ21,TRBJ2-1
TRAV6N-7,TRBV26,CALGHPPSGSWQLIF,CASSLDWGYEQYF,TRAJ22,TRBJ2-7
TRAV6N-5,TRBV1,CALGPNSAGNKLTF,CTCSAGQGYNSPLYF,TRAJ17,TRBJ1-6
TRAV17,TRBV1,CALGTGGNNKLTF,CTCSHRGSAETLYF,TRAJ56,TRBJ2-3
TRAV21-DV12,TRBV1,CILRDQQGTGSKLSF,CTCSHRGSAETLYF,TRAJ58,TRBJ2-3
TRAV12-1,TRBV15,CALLMQQGTGSKLSF,CASSLGGRAETLYF,TRAJ58,TRBJ2-3
TRAV12-2,TRBV12-2,CALRASSGSWQLIF,CASSGQNERLFF,TRAJ22,TRBJ1-4
TRAV6-7-DV9,TRBV13-3,CALSDNYGNEKITF,CASSDGGNQAPLF,TRAJ48,TRBJ1-5
TRAV12-3,TRBV1,CALSDPNTNKVVF,CTCSAHIGEQYF,TRAJ34,TRBJ2-7
TRAV14-2,TRBV12-2+TRBV13-2,CALSDRNNNNAPRF,CASVDRSQNTLYF,TRAJ42,TRBJ2-4
TRAV6-7-DV9,TRBV12-2+TRBV13-2,CAVPGGSNAKLTF,CASVDRSQNTLYF,TRAJ43,TRBJ2-4
TRAV9N-4,TRBV31,CALSNMGYKLTF,CAWSLNGWGGAAEQFF,TRAJ9,TRBJ2-1
TRAV13D-1,TRBV13-3,CAMEPGAEGADRLTF,CASSRLTGQLYF,TRAJ45,TRBJ2-2
TRAV16N,TRBV12-2+TRBV13-2,CAMRATSSGQKLVF,CASGDAGAGGYAEQFF,TRAJ16,TRBJ2-1
TRAV16N,TRBV12-2+TRBV13-2,CAMRATSSGQKLVF,CASGDAGTGNYAEQFF,TRAJ16,TRBJ2-1
TRAV16N,TRBV2,CAMRDNYAQGLTF,CASSQGTNANSDYTF,TRAJ26,TRBJ1-2
TRAV16N,TRBV5,CAMREGGTQVVGQLTF,CASSQAQNERLFF,TRAJ5,TRBJ1-4
TRAV8D-2,TRBV5,CATVPDYSNNRLTL,CASSQAQNERLFF,TRAJ7,TRBJ1-4
TRAV16D-DV11,TRBV2,CAMRETSGGNYKPTF,CASSSDRDKKNTGQLYF,TRAJ6,TRBJ2-2
TRAV13N-1,TRBV13-3,CAMRSNYQLIW,CASSDAGRVFF,TRAJ33,TRBJ1-1
TRAV12-2,TRBV10,CAPMSNYNVLYF,CASSPDTTYEQYF,TRAJ21,TRBJ2-7
TRAV12-3,TRBV12-1,CARNSAGNKLTF,CASSPTGGPSYEQYF,TRAJ17,TRBJ2-7
TRAV8N-2,TRBV12-1,CATDYSNNRLTL,CASSPTGGPSYEQYF,TRAJ7,TRBJ2-7
TRAV12-2,TRBV29,CATGNTGKLIF,CASSLWGNEQYF,TRAJ37,TRBJ2-7
TRAV3N-3,TRBV16,CAVINTNTGKLTF,CASSLQGWNQAPLF,TRAJ27,TRBJ1-5
TRAV9N-3,TRBV31,CAVRADYSNNRLTL,CAWSPRDSNSGNTLYF,TRAJ7,TRBJ1-3
TRAV9-1,TRBV1,CAVRDYSNNRLTL,CTCSAGQNTEVFF,TRAJ7,TRBJ1-1
TRAV9-4,TRBV1,CAVSATGNTGKLIF,CTCSAGGTEVFF,TRAJ37,TRBJ1-1
TRAV3N-3,TRBV17,CAVSDYSNNRLTL,CASSRPGTGGSYEQYF,TRAJ7,TRBJ2-7
TRAV3N-3,TRBV5,CAVSGEQGGRALIF,CASSQDGDINYAEQFF,TRAJ15,TRBJ2-1
TRAV9-2,TRBV16,CVCWDTNAYKVIF,CASSLVPDQAPLF,TRAJ30,TRBJ1-5
TRAV6-1,TRBV12-2+TRBV13-2,CVLGDLSGSWQLIF,CASGVRDSGNTLYF,TRAJ22,TRBJ1-3
TRAV9-2,TRBV12-2+TRBV13-2,CVLSAGSNNRIFF,CASGLGSQDTQYF,TRAJ31,TRBJ2-5
TRAV9-2,TRBV12-1,CVLSYTNAYKVIF,CASSTTGVDYAEQFF,TRAJ30,TRBJ2-1
TRAV11,TRBV1,CVVGDRGSALGRLHF,CTCSAEGIANTEVFF,TRAJ18,TRBJ1-1
TRAV10,TRBV2,CAAASASSGSWQLIF,CASSQGTGGKGYTF,TRAJ22,TRBJ1-2
TRAV7N-5,TRBV13-3,CAAASSGSWQLIF,CASSDHQDTQYF,TRAJ22,TRBJ2-5
TRAV19,TRBV3,CAADQGGSAKLIF,CASSLLGDTEVFF,TRAJ57,TRBJ1-1
TRAV4N-4,TRBV13-3,CAAEAEDMGYKLTF,CASSDRINSPLYF,TRAJ9,TRBJ1-6
TRAV4N-3,TRBV3,CAAEAPPGNTGKLIF,CASSLGGRGDTQYF,TRAJ37,TRBJ2-5
TRAV4N-4,TRBV1,CAAEARSNYNVLYF,CTCSADRLGGRNTLYF,TRAJ21,TRBJ2-4
TRAV13-1,TRBV3,CAAEDSGTYQRF,CASSLSTGNTGQLYF,TRAJ13,TRBJ2-2
TRAV4-3,TRBV3,CALEDTNAYKVIF,CASSLSTGNTGQLYF,TRAJ30,TRBJ2-2
TRAV4N-4,TRBV3,CAAEEGADRLTF,CASSLNERLFF,TRAJ45,TRBJ1-4
TRAV4-4-DV10,TRBV12-2,CAAEEMGYKLTF,CASSPGTGRTSDYTF,TRAJ9,TRBJ1-2
TRAV4N-3,TRBV5,CAAEGLSGSFNKLTF,CASSHSGTGAEVFF,TRAJ4,TRBJ1-1
TRAV4-3,TRBV3,CAAEKTGGNNKLTF,CASSLKDTQYF,TRAJ56,TRBJ2-5
TRAV4N-3,TRBV3,CAAESTEGADRLTF,CASSSDWGENTLYF,TRAJ45,TRBJ2-4
TRAV19,TRBV16,CAAGAAGSGGKLTL,CASSLLGGEQYF,TRAJ44,TRBJ2-7
TRAV19,TRBV13-3,CAAGANYGNEKITF,CASSSGIGNTLYF,TRAJ48,TRBJ1-3
TRAV19,TRBV3,CAAGATGGNNKLTF,CASSLDRDERLFF,TRAJ56,TRBJ1-4
TRAV16N,TRBV13-3,CAAGDSGYNKLTF,CASSAPGQYTEVFF,TRAJ11,TRBJ1-1
TRAV4N-4,TRBV13-3,CAMRESNMGYKLTF,CASSAPGQYTEVFF,TRAJ9,TRBJ1-1
TRAV19,TRBV16,CAAGGNEKITF,CASSLGGGSNERLFF,TRAJ48,TRBJ1-4
TRAV5-4,TRBV1,CAAGGSSGNKLIF,CTCSAVTGGEQYF,TRAJ32,TRBJ2-7
TRAV4N-3,TRBV20,CAAGVGGNYKPTF,CGADWGGYEQYF,TRAJ6,TRBJ2-7
TRAV10,TRBV19,CAAGYTGNYKYVF,CASSMGNTEVFF,TRAJ38,TRBJ1-1
TRAV13N-3,TRBV19,CAMDPNNVGDNSKLIW,CASSMGNTEVFF,TRAJ40,TRBJ1-1
TRAV10,TRBV19,CAAGYTGNYKYVF,CASSMGNTEVFF,TRAJ40,TRBJ1-1
TRAV14N-3,TRBV19,CAAHASSGSWQLIF,CASSMSRTNTGQLYF,TRAJ22,TRBJ2-2
TRAV4-4-DV10,TRBV12-2,CAAHNTNTGKLTF,CASNIANSDYTF,TRAJ27,TRBJ1-2
TRAV12N-2,TRBV19,CAAHRGSALGRLHF,CASSIGAGYNQDTQYF,TRAJ18,TRBJ2-5
TRAV4N-4,TRBV19,CALSGSSGSWQLIF,CASSIGAGYNQDTQYF,TRAJ22,TRBJ2-5
TRAV4-3,TRBV12-1,CAAINTNTGKLTF,CASSVGTVLGNTLYF,TRAJ27,TRBJ1-3
TRAV14-2,TRBV3,CAAKAGNTGKLIF,CASSLVRDSDYTF,TRAJ34,TRBJ1-2
TRAV6-7-DV9,TRBV3,CAPPPDTNKVVF,CASSLVRDSDYTF,TRAJ37,TRBJ1-2
TRAV10N,TRBV5,CAAKDYSNNRLTL,CASSPPGGENTLYF,TRAJ7,TRBJ2-4
TRAV10N,TRBV5,CAAKDYSNNRLTL,CASSPPGSQNTLYF,TRAJ7,TRBJ2-4
TRAV7D-2,TRBV17,CAAKMSNYNVLYF,CASSRGDSANSDYTF,TRAJ21,TRBJ1-2
TRAV12N-2,TRBV17,CAAKYRGSALGRLHF,CASSNQNERLFF,TRAJ12,TRBJ1-4
TRAV7D-2,TRBV17,CALSDGTGGYKVVF,CASSNQNERLFF,TRAJ18,TRBJ1-4
TRAV5-4,TRBV1,CAAMGSALGRLHF,CTCSAGLGRSAETLYF,TRAJ18,TRBJ2-3
TRAV7D-3,TRBV20,CAANLPDYSNNRLTL,CGARMGGQEQYF,TRAJ7,TRBJ2-7
TRAV10,TRBV17,CAANPDSNYQLIW,CASSRTGGALEQYF,TRAJ33,TRBJ2-7
TRAV5N-4,TRBV16,CAANPDTGNYKYVF,CASSPGTGNEQYF,TRAJ40,TRBJ2-7
TRAV14-1,TRBV14,CAANTGYQNFYF,CASSPGLGYSSAETLYF,TRAJ43,TRBJ2-3
TRAV7-5,TRBV14,CAVTRNNNNAPRF,CASSPGLGYSSAETLYF,TRAJ49,TRBJ2-3
TRAV13D-1,TRBV13-1,CAANYNQGKLIF,CASSGQGDTEVFF,TRAJ23,TRBJ1-1
TRAV7D-2,TRBV12-2+TRBV13-2,CAAPNTGNYKYVF,CASGEGGRAETLYF,TRAJ40,TRBJ2-3
TRAV10D,TRBV5,CAAQQNTGYQNFYF,CASSQETGGYEQYF,TRAJ42,TRBJ2-7
TRAV6D-5,TRBV5,CVLGPNSGGSNAKLTF,CASSQETGGYEQYF,TRAJ49,TRBJ2-7
TRAV7-5,TRBV13-3,CAAQTGFASALTF,CASSDVRGQDTQYF,TRAJ35,TRBJ2-5
TRAV7D-2,TRBV5,CAARDYSNNRLTL,CASSQDQGGWAEQFF,TRAJ7,TRBJ2-1
TRAV14-2,TRBV20,CAARGDNYAQGLTF,CGARAGTANTEVFF,TRAJ26,TRBJ1-1
TRAV14N-1,TRBV26,CAARGNMGYKLTF,CASSLSGVSNERLFF,TRAJ9,TRBJ1-4
TRAV7D-4,TRBV17,CAARRWSNYNVLYF,CASSRGTEVFF,TRAJ21,TRBJ1-1
TRAV5-4,TRBV19,CAARSNYGNEKITF,CASSIWTNAEQFF,TRAJ48,TRBJ2-1
TRAV10,TRBV12-1,CAARTGGYKVVF,CASSWTGPNERLFF,TRAJ12,TRBJ1-4
TRAV6N-6,TRBV12-1,CALSAGNKLTF,CASSWTGPNERLFF,TRAJ17,TRBJ1-4
TRAV12-2,TRBV1,CAASAGFASALTF,CTCSAGRFQDTQYF,TRAJ35,TRBJ2-5
TRAV14N-2,TRBV1,CALSDRKGNYKYVF,CTCSAGRFQDTQYF,TRAJ40,TRBJ2-5
TRAV10N,TRBV16,CAASAGFASALTF,CASSSLGNYAEQFF,TRAJ35,TRBJ2-1
TRAV14-2,TRBV15,CAASASGSGGKLTL,CASSLGSSYEQYF,TRAJ44,TRBJ2-7
TRAV14N-2,TRBV1,CAASAYQGGRALIF,CTCSAGGTEVFF,TRAJ15,TRBJ1-1
TRAV5-4,TRBV12-2,CAASDNTEGADRLTF,CASSLDRVNSPLYF,TRAJ45,TRBJ1-6
TRAV4-3,TRBV13-1,CAASDPDYSNNRLTL,CASTSTGEGEQYF,TRAJ7,TRBJ2-7
TRAV7-4,TRBV1,CAASDPIYGSSGNKLIF,CTCSAPGQLYF,TRAJ32,TRBJ2-2
TRAV7-4,TRBV20,CAASDPNAYKVIF,CGARAPGQGSERLFF,TRAJ30,TRBJ1-4
TRAV14N-1,TRBV2,CAASDSGTYQRF,CASSQDWTGGDTQYF,TRAJ13,TRBJ2-5
TRAV14N-1,TRBV2,CAASDSNTGKLTF,CASSQPGTGRNERLFF,TRAJ27,TRBJ1-4
TRAV14-2,TRBV1,CAASDTEGADRLTF,CTCSVRLGGGAEQFF,TRAJ45,TRBJ2-1
TRAV14N-3,TRBV5,CAASDYSNNRLTL,CASSQVQGSAETLYF,TRAJ7,TRBJ2-3
TRAV7D-4,TRBV3,CAASEHSAGNKLTF,CASSFDWGAETLYF,TRAJ17,TRBJ2-3
TRAV5N-4,TRBV15,CAASEITGNTGKLIF,CASREINNYAEQFF,TRAJ37,TRBJ2-1
TRAV7-4,TRBV12-1,CAASENNAGAKLTF,CASSQGLGNYAEQFF,TRAJ39,TRBJ2-1
TRAV7-4,TRBV12-2+TRBV13-2,CAASETYYNQGKLIF,CASGPGQGDQAPLF,TRAJ23,TRBJ1-5
TRAV14N-1,TRBV15,CAASFSNTNTGKLTF,CASSLGENTLYF,TRAJ27,TRBJ2-4
TRAV14-2,TRBV5,CAASGATNAYKVIF,CASSQLTGGTGQLYF,TRAJ30,TRBJ2-2
TRAV14-3,TRBV17,CAASGGASSSFSKLVF,CASSRLGGSYEQYF,TRAJ50,TRBJ2-7
TRAV17,TRBV17,CALEGRQGTGSKLSF,CASSRLGGSYEQYF,TRAJ58,TRBJ2-7
TRAV5-4,TRBV5,CAASGGGRALIF,CASSQEGARDTQYF,TRAJ15,TRBJ2-5
TRAV7D-4,TRBV26,CAASGNNNNNAPRF,CASSQNTEVFF,TRAJ43,TRBJ1-1
TRAV13-1,TRBV12-2+TRBV13-2,CAASGTEGADRLTF,CASGVHWGAEQYF,TRAJ45,TRBJ2-7
TRAV14-3,TRBV12-2+TRBV13-2,CALEPPGGNNKLTF,CASGVHWGAEQYF,TRAJ56,TRBJ2-7
TRAV5-4,TRBV13-3,CAASGTGGNNKLTF,CASSRLGGSAETLYF,TRAJ56,TRBJ2-3
TRAV7-4,TRBV12-2+TRBV13-2,CAASGYTGYQNFYF,CASGRGGGFQNTLYF,TRAJ49,TRBJ2-4
TRAV7D-2,TRBV1,CAASIGAGNKLTF,CTCSADWDNYNSPLYF,TRAJ17,TRBJ1-6
TRAV10D,TRBV12-2+TRBV13-2,CAASKGYGSSGNKLIF,CASGFWGGAGEQYF,TRAJ32,TRBJ2-7
TRAV6-5,TRBV12-2+TRBV13-2,CALSPRNNNNAPRF,CASGFWGGAGEQYF,TRAJ43,TRBJ2-7
TRAV10,TRBV5,CAASKHYNQGKLIF,CASSQRTGEWEQYF,TRAJ23,TRBJ2-7
TRAV5-4,TRBV3,CAASKRGGGSNYKLTF,CASSPTGGAYAEQFF,TRAJ53,TRBJ2-1
TRAV10,TRBV12-1,CAASKRGSALGRLHF,CASSLTGSDTQYF,TRAJ18,TRBJ2-5
TRAV10N,TRBV12-1,CAASMPGNTGKLIF,CASSPGQGYEQYF,TRAJ37,TRBJ2-7
TRAV7D-2,TRBV26,CAASNPGGNYKPTF,CASSLQGGQDTQYF,TRAJ6,TRBJ2-5
TRAV7D-2,TRBV12-1,CAASNYAQGLTF,CASSPYWGYEQYF,TRAJ26,TRBJ2-7
TRAV7D-2,TRBV15,CAASNYNQGKLIF,CASSLAGKGYEQYF,TRAJ23,TRBJ2-7
TRAV14-2,TRBV13-1,CAASPNTGNYKYVF,CASSDVGDSETLYF,TRAJ40,TRBJ2-3
TRAV14N-3,TRBV13-3,CAASPNTNKVVF,CASSDARTLNERLFF,TRAJ34,TRBJ1-4
TRAV7D-4,TRBV19,CAASPPTGYQNFYF,CASSSGTGVSYEQYF,TRAJ49,TRBJ2-7
TRAV7D-2,TRBV19,CAASRDTNAYKVIF,CASSIVGEAEQFF,TRAJ30,TRBJ2-1
TRAV10,TRBV12-2,CAASRGGPSSSFSKLVF,CASSPGLGGHNQDTQYF,TRAJ50,TRBJ2-5
TRAV5-4,TRBV17,CAASRGNAGAKLTF,CASSRGQGVAETLYF,TRAJ39,TRBJ2-3
TRAV11,TRBV31,CAASRGYAQGLTF,CAWSLEVFF,TRAJ26,TRBJ1-1
TRAV14N-3,TRBV31,CVVGAKDTNTGKLTF,CAWSLEVFF,TRAJ27,TRBJ1-1
TRAV10,TRBV13-1,CAASRGYGSSGNKLIF,CASSDVSANTEVFF,TRAJ32,TRBJ1-1
TRAV14D-3-DV8,TRBV3,CAASRNAGAKLTF,CASSLEGTYYAEQFF,TRAJ39,TRBJ2-1
TRAV14N-3,TRBV13-1,CAASRNNRIFF,CASSDARGSYTF,TRAJ31,TRBJ1-2
TRAV14N-1,TRBV5,CAASRTSGSWQLIF,CASSQDWGNYAEQFF,TRAJ22,TRBJ2-1
TRAV10,TRBV1,CAASRYGNEKITF,CTCSGTYSGNTLYF,TRAJ48,TRBJ1-3
TRAV5-4,TRBV5,CAASSAEGADRLTF,CASSPWGSYEQYF,TRAJ39,TRBJ2-7
TRAV7-6,TRBV5,CAENNAGAKLTF,CASSPWGSYEQYF,TRAJ45,TRBJ2-7
TRAV14D-3-DV8,TRBV3,CAASSAGNKLTF,CASSFLDEQDTQYF,TRAJ17,TRBJ2-5
TRAV10,TRBV12-2,CAASSLVNTGNYKYVF,CASSWDWGYAEQFF,TRAJ40,TRBJ2-1
TRAV4-4-DV10,TRBV13-3,CAASSSSFSKLVF,CASSPRTGANSDYTF,TRAJ50,TRBJ1-2
TRAV16N,TRBV19,CAMREVNTGNYKYVF,CASSTRDRNNQAPLF,TRAJ40,TRBJ1-5
TRAV7D-4,TRBV26,CAASTSGGNYKPTF,CASSPQGNQDTQYF,TRAJ6,TRBJ2-5
TRAV10D,TRBV17,CAASVASSSFSKLVF,CASSRGTSQNTLYF,TRAJ50,TRBJ2-4
TRAV13-1,TRBV16,CAASVGYAQGLTF,CASSLDWDWGTSAETLYF,TRAJ26,TRBJ2-3
TRAV14-1,TRBV16,CALAPSGNYKYVF,CASSLDWDWGTSAETLYF,TRAJ40,TRBJ2-3
TRAV7D-4,TRBV29,CAASVNAYKVIF,CASSLFGTGSQAPLF,TRAJ30,TRBJ1-5
TRAV14-2,TRBV12-1,CAATGSGGKLTL,CASSRQGTTGQLYF,TRAJ44,TRBJ2-2
TRAV5N-4,TRBV1,CAATNYAQGLTF,CTCSGQATEVFF,TRAJ26,TRBJ1-1
TRAV7D-2,TRBV12-2,CAATNYGNEKITF,CASSVDWGGQDTQYF,TRAJ48,TRBJ2-5
TRAV7D-2,TRBV26,CAATPASNTNKVVF,CASSLKHNEQYF,TRAJ34,TRBJ2-7
TRAV14N-1,TRBV14,CAATQGTGSKLSF,CASSFVGGYYAEQFF,TRAJ58,TRBJ2-1
TRAV14N-2,TRBV13-3,CAATVNTGNYKYVF,CASSDVGGGNEQYF,TRAJ40,TRBJ2-7
TRAV14N-1,TRBV3,CAAYDTNAYKVIF,CASSQGLGSAETLYF,TRAJ30,TRBJ2-3
TRAV8D-2,TRBV12-2,CAFQAYNQGKLIF,CASSLGTGNTGQLYF,TRAJ23,TRBJ2-2
TRAV12N-2,TRBV12-2+TRBV13-2,CAFYNTNTGKLTF,CASGDWGGAEQYF,TRAJ27,TRBJ2-7
TRAV12-2,TRBV12-2,CAFYYGNEKITF,CASSLSNSGNTLYF,TRAJ48,TRBJ1-3
TRAV14-1,TRBV12-2+TRBV13-2,CAGDYANKMIF,CASGDAWGGVTLYF,TRAJ47,TRBJ2-4
TRAV8N-2,TRBV12-2+TRBV13-2,CATVPGANTGKLTF,CASGDAWGGVTLYF,TRAJ52,TRBJ2-4
TRAV9D-1,TRBV1,CAGPSSNTNKVVF,CTCSAGKNTGQLYF,TRAJ34,TRBJ2-2
TRAV7-1,TRBV12-1,CAGSNMGYKLTF,CASSGLGGREETLYF,TRAJ21,TRBJ2-3
TRAV7N-5,TRBV12-1,CAVMSNYNVLYF,CASSGLGGREETLYF,TRAJ9,TRBJ2-3
TRAV13-2,TRBV12-2+TRBV13-2,CAIAASNYQLIW,CASGDLTGDSYEQYF,TRAJ33,TRBJ2-7
TRAV13-2,TRBV12-2,CAIDLAEGTGSKLSF,CASSLGQTEVFF,TRAJ58,TRBJ1-1
TRAV13-2,TRBV14,CAIDLDYANKMIF,CASSFQYEQYF,TRAJ47,TRBJ2-7
TRAV13N-2,TRBV5,CAIDPGSWQLIF,CASSPDWGGADTLYF,TRAJ17,TRBJ2-4
TRAV4-2,TRBV5,CAVENSAGNKLTF,CASSPDWGGADTLYF,TRAJ22,TRBJ2-4
TRAV12-1,TRBV12-2,CAIDRQGGSAKLIF,CASSTGGNTLYF,TRAJ56,TRBJ1-3
TRAV13-2,TRBV12-2,CALSDPGGNNKLTF,CASSTGGNTLYF,TRAJ57,TRBJ1-3
TRAV13-2,TRBV12-2,CAIEDQGGSAKLIF,CASSLGGATEVFF,TRAJ57,TRBJ1-1
TRAV13N-2,TRBV29,CAIGPSNNRIFF,CASSWVASNERLFF,TRAJ31,TRBJ1-4
TRAV13-2,TRBV12-2+TRBV13-2,CAIRNTGNYKYVF,CASGDKDWGGYAEQFF,TRAJ40,TRBJ2-1
TRAV13-2,TRBV3,CAIVPNSNNRIFF,CASSLLGTNTGQLYF,TRAJ31,TRBJ2-2
TRAV6N-6,TRBV13-1,CALANTGYQNFYF,CASSDAGRGEDTQYF,TRAJ49,TRBJ2-5
TRAV6D-6,TRBV5,CALARTQVVGQLTF,CASSQEINYEQYF,TRAJ5,TRBJ2-7
TRAV17,TRBV12-1,CALASMDSNYQLIW,CASSLQGGSDYTF,TRAJ33,TRBJ1-2
TRAV12-3,TRBV17,CALDGNYAQGLTF,CASSSRGRSSYEQYF,TRAJ16,TRBJ2-7
TRAV13-1,TRBV17,CALTATSSGQKLVF,CASSSRGRSSYEQYF,TRAJ26,TRBJ2-7
TRAV13-1,TRBV12-2,CALDMDSNYQLIW,CASSLGTPNTEVFF,TRAJ33,TRBJ1-1
TRAV17,TRBV12-2+TRBV13-2,CALDSGGSNYKLTF,CASGEPHF,TRAJ53,TRBJ2-7
TRAV6-4,TRBV13-2,CALDSNYQLIW,CASGGDNNYAEQFF,TRAJ33,TRBJ2-1
TRAV13-1,TRBV13-3,CALEGGNTGKLIF,CASSEVANTEVFF,TRAJ37,TRBJ1-1
TRAV13-1,TRBV13-1,CALENAGAKLTF,CASSDASYEQYF,TRAJ39,TRBJ2-7
TRAV13-1,TRBV3,CALESQGGRALIF,CASSFRGREQYF,TRAJ15,TRBJ2-7
TRAV12-2,TRBV12-2,CALEYSGGSNAKLTF,CASSPGQNTLYF,TRAJ42,TRBJ2-4
TRAV13-1,TRBV12-2,CALSDLTGSGGKLTL,CASSPGQNTLYF,TRAJ44,TRBJ2-4
TRAV6D-6,TRBV12-1,CALGAPLDNKVVF,CASSLPGGAREQYF,TRAJ34,TRBJ2-7
TRAV6N-5,TRBV12-2+TRBV13-2,CALGARGSALGRLHF,CASGDPDRSNTEVFF,TRAJ18,TRBJ1-1
TRAV6-7-DV9,TRBV3,CALGATGGNNKLTF,CASSFRGFEQYF,TRAJ56,TRBJ2-7
TRAV6N-7,TRBV16,CALGAWGTNAYKVIF,CASSEQVLYAEQFF,TRAJ30,TRBJ2-1
TRAV6D-6,TRBV1,CALGDANSGTYQRF,CTCSAGSNTGQLYF,TRAJ13,TRBJ2-2
TRAV6D-6,TRBV16,CALGDFNMGYKLTF,CASSLGAGDNYAEQFF,TRAJ9,TRBJ2-1
TRAV6D-6,TRBV20,CALGDILSSGSWQLIF,CGARDRGQNTLYF,TRAJ22,TRBJ2-4
TRAV15-1-DV6-1,TRBV12-2+TRBV13-2,CALGDIPGYQNFYF,CASGGDPNERLFF,TRAJ48,TRBJ1-4
TRAV6D-6,TRBV12-2+TRBV13-2,CALWELARGNEKITF,CASGGDPNERLFF,TRAJ49,TRBJ1-4
TRAV6D-6,TRBV14,CALGDLGNTGNYKYVF,CASSLRDRGGAEQFF,TRAJ40,TRBJ2-1
TRAV6D-6,TRBV12-1,CALGDNSGGSNYKLTF,CASSPTWGSHAEQFF,TRAJ53,TRBJ2-1
TRAV6N-7,TRBV13-3,CALGDNTNTGKLTF,CASSGLKNTLYF,TRAJ27,TRBJ2-4
TRAV6N-7,TRBV29,CALGDNTNTGKLTF,CASSLWGNEQYF,TRAJ27,TRBJ2-7
TRAV6D-6,TRBV12-2+TRBV13-2,CALGDPDSNNRIFF,CASGATGDNQAPLF,TRAJ31,TRBJ1-5
TRAV6N-7,TRBV17,CALGDPSGSWQLIF,CASSRVPGENTLYF,TRAJ22,TRBJ2-4
TRAV6N-5,TRBV15,CALGDPSYSNNRLTL,CASSFGYEQYF,TRAJ7,TRBJ2-7
TRAV6N-5,TRBV12-2,CALGDQGGSFNKLTF,CASSLDPGQQDTQYF,TRAJ4,TRBJ2-5
TRAV6N-7,TRBV13-1,CALGDRGNRIFF,CASSAPGQYEQYF,TRAJ31,TRBJ2-7
TRAV9-2,TRBV13-1,CVLSAEDYANKMIF,CASSAPGQYEQYF,TRAJ47,TRBJ2-7
TRAV6N-7,TRBV5,CALGDRGTGKLTF,CASTGRNTEVFF,TRAJ27,TRBJ1-1
TRAV6D-6,TRBV19,CALGDSGGSNAKLTF,CASSVWDRGYNSPLYF,TRAJ42,TRBJ1-6
TRAV6N-7,TRBV12-2+TRBV13-2,CALGDSSGSWQLIF,CASGDGGYEQYF,TRAJ22,TRBJ2-7
TRAV16N,TRBV12-2+TRBV13-2,CALGEDSAGNKLTF,CASGDAGTGDYAEQFF,TRAJ16,TRBJ2-1
TRAV6D-6,TRBV12-2+TRBV13-2,CAMRATSSGQKLVF,CASGDAGTGDYAEQFF,TRAJ17,TRBJ2-1
TRAV6D-6,TRBV12-1,CALGEGTGGYKVVF,CASSLGSQNTLYF,TRAJ12,TRBJ2-4
TRAV6D-6,TRBV16,CALGENNYAQGLTF,CASSTGDYAEQFF,TRAJ26,TRBJ2-1
TRAV6D-6,TRBV13-3,CALGERLSGSFNKLTF,CASISDWGALAEQFF,TRAJ4,TRBJ2-1
TRAV6D-6,TRBV12-2,CALGERTGGYKVVF,CASSLDGRANTEVFF,TRAJ12,TRBJ1-1
TRAV6N-5,TRBV20,CALGESTNTGKLTF,CGARGGSSYEQYF,TRAJ27,TRBJ2-7
TRAV6D-6,TRBV12-1,CALGETGSGGKLTL,CASLSRDVEQFF,TRAJ44,TRBJ2-1
TRAV6D-6,TRBV12-2+TRBV13-2,CALGGFMNNNAGAKLTF,CASGDARTGGYEQYF,TRAJ39,TRBJ2-7
TRAV6N-7,TRBV12-2+TRBV13-2,CALGGGSNAKLTF,CASGGTYTEVFF,TRAJ42,TRBJ1-1
TRAV6N-7,TRBV13-3,CALGGNMGYKLTF,CASLGGNYAEQFF,TRAJ9,TRBJ2-1
TRAV6N-7,TRBV26,CALGGSNYNVLYF,CASSPGTEQYF,TRAJ21,TRBJ2-7
TRAV6D-6,TRBV16,CALGHDTNAYKVIF,CASTRPGQYEQYF,TRAJ30,TRBJ2-7
TRAV6N-7,TRBV12-1,CALGPGAQVVGQLTF,CASSLYRGQGNTLYF,TRAJ5,TRBJ1-3
TRAV6N-7,TRBV15,CALGRGSALGRLHF,CASRDWGAEENTLYF,TRAJ18,TRBJ2-4
TRAV6N-7,TRBV19,CALGSNSGTYQRF,CASSMGGARNSPLYF,TRAJ13,TRBJ1-6
TRAV17,TRBV1,CALGTGGNNKLTF,CTCSARGSAETLYF,TRAJ56,TRBJ2-3
TRAV6D-6,TRBV16,CALGVNSNNRIFF,CASSLGTGEQYF,TRAJ31,TRBJ2-7
TRAV6-4,TRBV3,CALLNTGGLSGKLTF,CASSLRGQPSYEQYF,TRAJ2,TRBJ2-7
TRAV12D-3,TRBV29,CALLYSAGNKLTF,CASSLGQGDEQYF,TRAJ17,TRBJ2-7
TRAV13N-2,TRBV1,CALNNAGAKLTF,CTCSADGDTQYF,TRAJ39,TRBJ2-5
TRAV12-1,TRBV12-1,CALNSNNRIFF,CASSTPGSQNTLYF,TRAJ31,TRBJ2-4
TRAV12N-2,TRBV12-1,CALSLSNTGNYKYVF,CASSTPGSQNTLYF,TRAJ40,TRBJ2-4
TRAV16,TRBV26,CALNTGANTGKLTF,CASSLPTGGADTGQLYF,TRAJ52,TRBJ2-2
TRAV6N-6,TRBV1,CALNTGNYKYVF,CTCSARTGGVYEQYF,TRAJ40,TRBJ2-7
TRAV12N-2,TRBV29,CALPCDTNAYKVIF,CASSLWGNEQYF,TRAJ30,TRBJ2-7
TRAV6-7-DV9,TRBV3,CALPTGGNNKLTF,CASSLGRRVAEVFF,TRAJ56,TRBJ1-1
TRAV6N-6,TRBV1,CALRASSGQKLVF,CTCSGQGATEVFF,TRAJ16,TRBJ1-1
TRAV15-1-DV6-1,TRBV3,CALRENSNNRIFF,CASSFRNERLFF,TRAJ31,TRBJ1-4
TRAV6-7-DV9,TRBV3,CALWELESNTNKVVF,CASSFRNERLFF,TRAJ34,TRBJ1-4
TRAV12-3,TRBV13-1,CALRGNYAQGLTF,CASSDFGVNYAEQFF,TRAJ26,TRBJ2-1
TRAV6-7-DV9,TRBV20,CALRGYSNNRIFF,CGARDATNSDYTF,TRAJ31,TRBJ1-2
TRAV12N-2,TRBV1,CALRITGNTGKLIF,CTCSPRADYAEQFF,TRAJ37,TRBJ2-1
TRAV12N-2,TRBV10,CALRNSGTYQRF,CASSLRGGGVETLYF,TRAJ13,TRBJ2-3
TRAV12-1,TRBV13-3,CALRNTEGADRLTF,CASSDWGGLNQDTQYF,TRAJ45,TRBJ2-5
TRAV12D-3,TRBV12-2+TRBV13-2,CALRSNTNKVVF,CASGDRLGAYAEQFF,TRAJ34,TRBJ2-1
TRAV12-2,TRBV13-3,CALSAIDGQGGSAKLIF,CASSAWGSYEQYF,TRAJ57,TRBJ2-7
TRAV12-1,TRBV1,CALSALSNYNVLYF,CTCSGGQGAGNTLYF,TRAJ21,TRBJ1-3
TRAV12D-3,TRBV17,CALSAQQGTGSKLSF,CASSRWWGDQDTQYF,TRAJ58,TRBJ2-5
TRAV12N-2,TRBV13-3,CALSDDYSNNRLTL,CASSDARTVSYNSPLYF,TRAJ7,TRBJ1-6
TRAV6-7-DV9,TRBV29,CALSDGVYANKMIF,CASSLWGWQNTLYF,TRAJ47,TRBJ2-4
TRAV12-2,TRBV13-1,CALSDISGSWQLIF,CASSDAGFSYEQYF,TRAJ22,TRBJ2-7
TRAV15-2-DV6-2,TRBV13-1,CALSEPTNAYKVIF,CASSDAGFSYEQYF,TRAJ30,TRBJ2-7
TRAV12D-3,TRBV5,CALSDLLCTNSAGNKLTF,CASSQMGWGGAETLYF,TRAJ17,TRBJ2-3
TRAV12D-3,TRBV12-2+TRBV13-2,CALSDLTGSFNKLTF,CASGTGLGFNYAEQFF,TRAJ4,TRBJ2-1
TRAV12N-2,TRBV17,CALSDLTNTGKLTF,CASSRDDWGGYEQYF,TRAJ27,TRBJ2-7
TRAV12D-3,TRBV1,CALSDPNTGKLTF,CTCSAGGTGGLEQYF,TRAJ27,TRBJ2-7
TRAV12-2,TRBV1,CALSDPNTGKLTF,CTCSVGKNTEVFF,TRAJ27,TRBJ1-1
TRAV6-5,TRBV13-1,CALSDQNNYAQGLTF,CASSDGWDTLYF,TRAJ26,TRBJ1-3
TRAV12-2,TRBV14,CALSDQPGTGSKLSF,CASSLDWGVLGYAEQFF,TRAJ58,TRBJ2-1
TRAV12-2,TRBV12-1,CALSDRDYGSSGNKLIF,CASSPAPPGGSYAEQFF,TRAJ32,TRBJ2-1
TRAV6-7-DV9,TRBV1,CALSDRGTGSKLSF,CTCSVTVNEQYF,TRAJ58,TRBJ2-7
TRAV12-1,TRBV26,CALSDRGYNQGKLIF,CASSRKAEQFF,TRAJ23,TRBJ2-1
TRAV12-2,TRBV20,CALSDYANKMIF,CGARDLGPSYEQYF,TRAJ47,TRBJ2-7
TRAV12-1,TRBV12-1,CALSDYNQGKLIF,CASSLRDWGAYAEQFF,TRAJ23,TRBJ2-1
TRAV12D-3,TRBV12-1,CAPDTNAYKVIF,CASSLRDWGAYAEQFF,TRAJ30,TRBJ2-1
TRAV12-3,TRBV29,CALSEAGGYKVVF,CASSLWGNEQYF,TRAJ12,TRBJ2-7
TRAV12N-2,TRBV13-3,CALSEDMGYKLTF,CASSHGGGELEQYF,TRAJ9,TRBJ2-7
TRAV12N-2,TRBV2,CALSEDYSNNRLTL,CASSQPYWENTLYF,TRAJ7,TRBJ2-4
TRAV6N-6,TRBV29,CALSEGTGGYKVVF,CASSLWGNEQYF,TRAJ12,TRBJ2-7
TRAV12N-2,TRBV3,CALSEMNYNQGKLIF,CASSPLGSSYEQYF,TRAJ23,TRBJ2-7
TRAV12D-3,TRBV3,CALSEPGGYKVVF,CASSPRDWGGANTGQLYF,TRAJ12,TRBJ2-2
TRAV12D-3,TRBV12-1,CALSETVSGSFNKLTF,CASSLWGPNERLFF,TRAJ4,TRBJ1-4
TRAV12D-3,TRBV16,CALSGDSGYNKLTF,CASSLGGGYAEQFF,TRAJ11,TRBJ2-1
TRAV12D-3,TRBV15,CALSGNNYAQGLTF,CASSPLVSYEQYF,TRAJ26,TRBJ2-7
TRAV12-2,TRBV12-2+TRBV13-2,CALSINNAGAKLTF,CASGEDWGDTLYF,TRAJ39,TRBJ2-4
TRAV12N-2,TRBV12-2+TRBV13-2,CALSKAGTGSNRLTF,CASGDAGTGHYAEQFF,TRAJ16,TRBJ2-1
TRAV16N,TRBV12-2+TRBV13-2,CAMRATSSGQKLVF,CASGDAGTGHYAEQFF,TRAJ28,TRBJ2-1
TRAV9N-4,TRBV13-1,CALSMNTASLGKLQF,CASSDTGGNTLYF,TRAJ24,TRBJ1-3
TRAV9N-4,TRBV26,CALSMPGNTGKLIF,CASSLQGANSPLYF,TRAJ37,TRBJ1-6
TRAV17,TRBV14,CALSNTGYQNFYF,CASSWDWGYEQYF,TRAJ49,TRBJ2-7
TRAV12D-3,TRBV1,CALSPDYSNNRLTL,CTCSAGQVNTEVFF,TRAJ7,TRBJ1-1
TRAV12D-3,TRBV1,CALSPHNQGKLIF,CTCSALVPGQGGEQYF,TRAJ23,TRBJ2-7
TRAV12D-3,TRBV13-3,CALSPLYQGGRALIF,CASRTLYNSPLYF,TRAJ15,TRBJ1-6
TRAV12-2,TRBV5,CALSRDNVGDNSKLIW,CASSRDRGTEVFF,TRAJ38,TRBJ1-1
TRAV13D-1,TRBV12-2,CALSSGSWQLIF,CASSLEGRFNQDTQYF,TRAJ22,TRBJ2-5
TRAV6-7-DV9,TRBV16,CALSSGSWQLIF,CASSLVWGEDGQLYF,TRAJ22,TRBJ2-2
TRAV9N-4,TRBV26,CALSTGNTGKLIF,CASSLKGQGYEQYF,TRAJ37,TRBJ2-7
TRAV12N-2,TRBV1,CALSVGGNYKPTF,CTCSTGIYAEQFF,TRAJ6,TRBJ2-1
TRAV6N-6,TRBV13-3,CALSWTQVVGQLTF,CASTGTGGVYEQYF,TRAJ5,TRBJ2-7
TRAV6-5,TRBV5,CALTGNTGKLIF,CASSQEDWGGDTLYF,TRAJ37,TRBJ2-4
TRAV12-1,TRBV12-1,CALTRSSGSWQLIF,CASSLLTFSAETLYF,TRAJ22,TRBJ2-3
TRAV6N-6,TRBV12-2,CALTSDYSNNRLTL,CASSLERGLYNSPLYF,TRAJ7,TRBJ1-6
TRAV6-4,TRBV17,CALVEDYNQGKLIF,CASSRDRGEQYF,TRAJ23,TRBJ2-7
TRAV13-1,TRBV16,CALVSGGSNAKLTF,CASSWTGGYEQYF,TRAJ42,TRBJ2-7
TRAV15D-1-DV6D-1,TRBV13-1,CALWELDTEGADRLTF,CASSGGGPNYAEQFF,TRAJ45,TRBJ2-1
TRAV15D-1-DV6D-1,TRBV29,CALWEPTNAYKVIF,CASSSGTFSAETLYF,TRAJ26,TRBJ2-3
TRAV3N-3,TRBV29,CAVSLNNYAQGLTF,CASSSGTFSAETLYF,TRAJ30,TRBJ2-3
TRAV12N-2,TRBV5,CALYQGGRALIF,CASSQEGLGGGEQYF,TRAJ15,TRBJ2-7
TRAV13N-3,TRBV19,CAMDPNNVGDNSKLIW,CASSMGNTEVFF,TRAJ38,TRBJ1-1
TRAV13N-4,TRBV5,CAMEDTNTGKLTF,CASSQTANSDYTF,TRAJ27,TRBJ1-2
TRAV13N-4,TRBV12-2,CAMEHQGSAKLIF,CASSLDWGGAEQFF,TRAJ57,TRBJ2-1
TRAV13N-3,TRBV29,CAMEQSNNRIFF,CASRQKYEQYF,TRAJ31,TRBJ2-7
TRAV13D-1,TRBV13-3,CAMERGGSALGRLHF,CASSDWQGAYTQYF,TRAJ18,TRBJ2-5
TRAV16,TRBV19,CAMERGNYKYVF,CASSIRGYEQYF,TRAJ40,TRBJ2-7
TRAV13N-4,TRBV16,CAMERGYGNEKITF,CASSLDLGIQDTQYF,TRAJ48,TRBJ2-5
TRAV13N-1,TRBV1,CAMERRATGGNNKLTF,CTCSAGWEQYF,TRAJ56,TRBJ2-7
TRAV13-4-DV7,TRBV1,CAMERSNTNKVVF,CTCSAGGTEVFF,TRAJ34,TRBJ1-1
TRAV13N-1,TRBV5,CAMGMTNSAGNKLTF,CASSRGGRQDTQYF,TRAJ17,TRBJ2-5
TRAV16,TRBV20,CAMRASSSFSKLVF,CGARGGTGVYAEQFF,TRAJ50,TRBJ2-1
TRAV16,TRBV12-2+TRBV13-2,CAMRDGNNAGAKLTF,CASGARLGGSSYEQYF,TRAJ39,TRBJ2-7
TRAV7-6,TRBV12-2+TRBV13-2,CAVSPNYGNEKITF,CASGARLGGSSYEQYF,TRAJ48,TRBJ2-7
TRAV16N,TRBV12-1,CAMREDFNTGNYKYVF,CASSGEPYEQYF,TRAJ40,TRBJ2-7
TRAV16N,TRBV13-1,CAMREDSGGNYKPTF,CASSAAGQLYF,TRAJ6,TRBJ2-2
TRAV16,TRBV3,CAMREGDTGANTGKLTF,CASSARDWGLSYEQYF,TRAJ52,TRBJ2-7
TRAV16N,TRBV5,CAMREGDTNTGKLTF,CASSQDPSSYEQYF,TRAJ27,TRBJ2-7
TRAV16,TRBV29,CAMREGGNGNEKITF,CASSLWGNEQYF,TRAJ48,TRBJ2-7
TRAV16,TRBV3,CAMREGNTGNYKYVF,CASSLRGQQDTQYF,TRAJ40,TRBJ2-5
TRAV16N,TRBV12-2,CAMREGPGSFNKLTF,CASSLDPSAETLYF,TRAJ4,TRBJ2-3
TRAV16N,TRBV16,CAMREGVGDNSKLIW,CASSLTGEQYF,TRAJ38,TRBJ2-7
TRAV16D-DV11,TRBV31,CAMREGWRGSALGRLHF,CAWSLLGGRNQDTQYF,TRAJ18,TRBJ2-5
TRAV16,TRBV10,CAMRERNSGGSNAKLTF,CASSYQGLGYEQYF,TRAJ42,TRBJ2-7
TRAV16N,TRBV12-2,CAMREVNTGNYKYVF,CASSLGQGANTGQLYF,TRAJ40,TRBJ2-2
TRAV16N,TRBV13-1,CAMRGFSTNAYKVIF,CASSDGTEVFF,TRAJ30,TRBJ1-1
TRAV16D-DV11,TRBV19,CAMRGPSNMGYKLTF,CASTPREREVFF,TRAJ9,TRBJ1-1
TRAV13D-4,TRBV1,CAMRGSNYQLIW,CTCSAEGLGSYEQYF,TRAJ33,TRBJ2-7
TRAV9-4,TRBV13-3,CAVRGFASALTF,CASSDAGRVFF,TRAJ35,TRBJ1-1
TRAV16N,TRBV5,CAMRVFTSGGNYKPTF,CASSQESREGTEVFF,TRAJ6,TRBJ1-1
TRAV16N,TRBV13-1,CAMRVLMNYNQGKLIF,CASSVDSSYNSPLYF,TRAJ23,TRBJ1-6
TRAV6D-3,TRBV14,CAMSDQSAGNKLTF,CASRDRGEVFF,TRAJ17,TRBJ1-1
TRAV16N,TRBV3,CAMSDTEGADRLTF,CASSLVRAYAEQFF,TRAJ45,TRBJ2-1
TRAV6D-3,TRBV12-1,CAMSGESNYNVLYF,CASSRRDWGYEQYF,TRAJ21,TRBJ2-7
TRAV16,TRBV5,CAMSTNTGYQNFYF,CASSQEWGIYAEQFF,TRAJ49,TRBJ2-1
TRAV16D-DV11,TRBV12-2+TRBV13-2,CAMTNSGTYQRF,CASGGDWDNQDTQYF,TRAJ13,TRBJ2-5
TRAV13N-2,TRBV17,CAPDSNYQLIW,CASSRGGGRIQDTQYF,TRAJ33,TRBJ2-5
TRAV9-4,TRBV17,CAVSASDSGGSNYKLTF,CASSRGGGRIQDTQYF,TRAJ53,TRBJ2-5
TRAV13-2,TRBV15,CAPDTNAYKVIF,CASSLGTGVAEQFF,TRAJ30,TRBJ2-1
TRAV13-1,TRBV20,CAPEGDSNYQLIW,CGARDGGAEQYF,TRAJ33,TRBJ2-7
TRAV7N-5,TRBV2,CAPHDTNAYKVIF,CASSQEGGANNQAPLF,TRAJ30,TRBJ1-5
TRAV13N-1,TRBV29,CAPLNAYKVIF,CASSLSGGVDTQYF,TRAJ30,TRBJ2-5
TRAV12-3,TRBV26,CAPLNNYAQGLTF,CASSLSGTPYEQYF,TRAJ23,TRBJ2-7
TRAV9-2,TRBV26,CVLSARYNQGKLIF,CASSLSGTPYEQYF,TRAJ26,TRBJ2-7
TRAV13-1,TRBV1,CAPLNYGSSGNKLIF,CTCSADWGGYEQYF,TRAJ32,TRBJ2-7
TRAV7N-6,TRBV16,CAPYDSGYNKLTF,CASSLETGDDEQYF,TRAJ11,TRBJ2-7
TRAV12-3,TRBV13-2,CARNSAGNKLTF,CASGDGLGGGQNTLYF,TRAJ17,TRBJ2-4
TRAV9N-4,TRBV12-2+TRBV13-2,CARVDSNYQLIW,CASGDWGAGEQYF,TRAJ33,TRBJ2-7
TRAV8-1,TRBV12-2+TRBV13-2,CATDAVSGGSNYKLTF,CASGPGQNYAEQFF,TRAJ53,TRBJ2-1
TRAV8D-2,TRBV12-1,CATDDGSGTYQRF,CASSAWGGDQNTLYF,TRAJ13,TRBJ2-4
TRAV8N-2,TRBV16,CATDGHAGAKLTF,CASSLVGNYAEQFF,TRAJ39,TRBJ2-1
TRAV8N-2,TRBV29,CATDYAQGLTF,CASSLDRANSDYTF,TRAJ26,TRBJ1-2
TRAV8-1,TRBV13-1,CATFDTNAYKVIF,CASSDAGYQDTQYF,TRAJ30,TRBJ2-5
TRAV9-2,TRBV13-1,CVLKGSSGNKLIF,CASSDAGYQDTQYF,TRAJ32,TRBJ2-5
TRAV8-1,TRBV1,CATFSWNSNNRIFF,CTCSADGRGGQNTLYF,TRAJ31,TRBJ2-4
TRAV8N-2,TRBV15,CATGTNAYKVIF,CASRRLGRTLYF,TRAJ30,TRBJ2-4
TRAV8N-2,TRBV5,CATVASGGNYKPTF,CASSHYISNERLFF,TRAJ6,TRBJ1-4
TRAV7N-6,TRBV14,CAVASSGSWQLIF,CASSSGTISNERLFF,TRAJ22,TRBJ1-4
TRAV9-4,TRBV26,CAVASSSFSKLVF,CASSLSTNTEVFF,TRAJ50,TRBJ1-1
TRAV9N-3,TRBV13-3,CAVDGSSGNKLIF,CASSGLGNYAEQFF,TRAJ32,TRBJ2-1
TRAV4-4-DV10,TRBV14,CAVFNVGDNSKLIW,CASSLGGRVERLFF,TRAJ38,TRBJ1-4
TRAV3N-3,TRBV16,CAVHSGYNKLTF,CASSSPGGGDTQYF,TRAJ11,TRBJ2-5
TRAV3N-3,TRBV12-2,CAVKGTNAYKVIF,CASSPWQYSYNSPLYF,TRAJ30,TRBJ1-6
TRAV7-5,TRBV12-2+TRBV13-2,CAVKRGGRALIF,CASGDARQGADQAPLF,TRAJ15,TRBJ1-5
TRAV7N-5,TRBV12-2,CAVKTGSFNKLTF,CASSLRGNTLYF,TRAJ4,TRBJ1-3
TRAV3N-3,TRBV14,CAVKVNYNQGKLIF,CASSFRGSDYTF,TRAJ23,TRBJ1-2
TRAV7-3,TRBV1,CAVNGQGGRALIF,CTCSDWGLQDTQYF,TRAJ15,TRBJ2-5
TRAV3N-3,TRBV15,CAVNPDYSNNRLTL,CASSRTGEQDTQYF,TRAJ7,TRBJ2-5
TRAV3N-3,TRBV12-2+TRBV13-2,CAVNTNTGKLTF,CASGTGTNNQAPLF,TRAJ27,TRBJ1-5
TRAV7-6,TRBV1,CAVNVGDNSKLIW,CTCSALNQNTLYF,TRAJ38,TRBJ2-4
TRAV7N-5,TRBV1,CAVRAGTGSNRLTF,CTCSAGEENSDYTF,TRAJ28,TRBJ1-2
TRAV9-4,TRBV15,CAVRANYGNEKITF,CASSFSDQAPLF,TRAJ48,TRBJ1-5
TRAV1,TRBV12-1,CAVRDRYNQGKLIF,CASSRLGGRFHEQYF,TRAJ23,TRBJ2-7
TRAV11,TRBV12-1,CVVGWNYGSSGNKLIF,CASSRLGGRFHEQYF,TRAJ32,TRBJ2-7
TRAV9N-3,TRBV2,CAVRGDYSNNRLTL,CASSQDDRGQYF,TRAJ7,TRBJ2-7
TRAV7-5,TRBV26,CAVRITGNTGKLIF,CASSRDRHNQAPLF,TRAJ37,TRBJ1-5
TRAV3N-3,TRBV3,CAVRLTSGGNYKPTF,CASSAGLGGKQNTLYF,TRAJ6,TRBJ2-4
TRAV7-3,TRBV17,CAVRNNNAPRF,CASSKDTQYF,TRAJ43,TRBJ2-5
TRAV7N-6,TRBV13-3,CAVRPNYNVLYF,CASTHWGTSQNTLYF,TRAJ21,TRBJ2-4
TRAV9N-3,TRBV5,CAVRRSALGRLHF,CASSQEGGARSYEQYF,TRAJ18,TRBJ2-7
TRAV3N-3,TRBV20,CAVSAADYSNNRLTL,CGARGGGDTQYF,TRAJ7,TRBJ2-5
TRAV9D-1,TRBV13-1,CAVSADRLTF,CASSGNSYNSPLYF,TRAJ45,TRBJ1-6
TRAV9-4,TRBV13-1,CAVSAEEGADRLTF,CASSACSAETLYF,TRAJ45,TRBJ2-3
TRAV3N-3,TRBV13-3,CAVSAGGYAQGLTF,CASSDGLGGQNTLYF,TRAJ26,TRBJ2-4
TRAV9-4,TRBV16,CAVSANAPRF,CASSLEGGAYEQYF,TRAJ43,TRBJ2-7
TRAV9-4,TRBV12-2,CAVSAPSGSWQLIF,CASSLGGRSGNTLYF,TRAJ22,TRBJ1-3
TRAV3N-3,TRBV16,CAVSAPTNSAGNKLTF,CASSLGGSDYTF,TRAJ17,TRBJ1-2
TRAV9D-1,TRBV12-2+TRBV13-2,CAVSASGGSNYKLTF,CASGDWDWGGDTLYF,TRAJ53,TRBJ2-4
TRAV9-1,TRBV14,CAVSASGGYKVVF,CASSFGRNNQAPLF,TRAJ12,TRBJ1-5
TRAV7-5,TRBV13-3,CAVSASGSWQLIF,CASRLGGRYAEQFF,TRAJ22,TRBJ2-1
TRAV9-4,TRBV13-3,CAVSMNYNQGKLIF,CASRLGGRYAEQFF,TRAJ23,TRBJ2-1
TRAV9-1,TRBV2,CAVSASSNNRIFF,CASSQEGTGKNTLYF,TRAJ31,TRBJ2-4
TRAV7-5,TRBV12-1,CAVSDGSGGSNAKLTF,CASSPDRSSAETLYF,TRAJ42,TRBJ2-3
TRAV3N-3,TRBV5,CAVSDNYAQGLTF,CASSPPRTGGYAEQFF,TRAJ26,TRBJ2-1
TRAV3N-3,TRBV13-3,CAVSDPGSWQLIF,CASSDFWGDYAEQFF,TRAJ22,TRBJ2-1
TRAV7-3,TRBV29,CAVSDSGYNKLTF,CASSLSGHSAETLYF,TRAJ11,TRBJ2-3
TRAV9-1,TRBV20,CAVSEGSGGSNAKLTF,CGAGLGGYEQYF,TRAJ42,TRBJ2-7
TRAV9D-1,TRBV3,CAVSFDSGYNKLTF,CASSLAGQDSDYTF,TRAJ11,TRBJ1-2
TRAV9-4,TRBV12-2,CAVSFMDYANKMIF,CASSPGQENSDYTF,TRAJ47,TRBJ1-2
TRAV9N-3,TRBV13-1,CAVSFNYAQGLTF,CASSVDREDNQAPLF,TRAJ26,TRBJ1-5
TRAV3N-3,TRBV15,CAVSGDSNYQLIW,CASSLGTGENTLYF,TRAJ33,TRBJ2-4
TRAV3N-3,TRBV3,CAVSGDSNYQLIW,CASSLVGGGQNTLYF,TRAJ33,TRBJ2-4
TRAV3N-3,TRBV10,CAVSGYNKLTF,CASSFGHQDTQYF,TRAJ11,TRBJ2-5
TRAV9N-3,TRBV12-2,CAVSIDYSNNRLTL,CASSLGRDSYNSPLYF,TRAJ7,TRBJ1-6
TRAV7D-3,TRBV1,CAVSKGNYKPTF,CTCSADGGQDTQYF,TRAJ6,TRBJ2-5
TRAV9N-3,TRBV16,CAVSLDYSNNRLTL,CASSLAGGETVRGQNTLYF,TRAJ7,TRBJ2-4
TRAV3N-3,TRBV16,CAVSLLYQGGRALIF,CASSLGWEQNTLYF,TRAJ15,TRBJ2-4
TRAV9-1,TRBV12-2+TRBV13-2,CAVSLMSNYNVLYF,CASGDGGGSYAEQFF,TRAJ21,TRBJ2-1
TRAV7-5,TRBV29,CAVSMAASGSWQLIF,CASSPGTGEDTQYF,TRAJ22,TRBJ2-5
TRAV7-6,TRBV26,CAVSMLGNYKYVF,CASSLGGQNTLYF,TRAJ40,TRBJ2-4
TRAV9-4,TRBV16,CAVSMNTEGADRLTF,CASSLEGDTEVFF,TRAJ45,TRBJ1-1
TRAV7D-3,TRBV19,CAVSMRDTNAYKVIF,CASSIRGGAYEQYF,TRAJ30,TRBJ2-7
TRAV7N-6,TRBV1,CAVSMSNYNVLYF,CTCSADNEQYF,TRAJ21,TRBJ2-7
TRAV7-1,TRBV31,CAVSMYNAGAKLTF,CAWSHRAGNTLYF,TRAJ39,TRBJ1-3
TRAV3N-3,TRBV1,CAVSNMGYKLTF,CTCSAGVSNERLFF,TRAJ9,TRBJ1-4
TRAV4-2,TRBV10,CAVSNYGSSGNKLIF,CASSMGLGGSQNTLYF,TRAJ32,TRBJ2-4
TRAV9N-3,TRBV1,CAVSPGTGGYKVVF,CTCSADPPDRSAETLYF,TRAJ12,TRBJ2-3
TRAV7N-6,TRBV26,CAVSPNYNQGKLIF,CASSLRAPNTEVFF,TRAJ23,TRBJ1-1
TRAV9-4,TRBV20,CAVSPNYNQGKLIF,CGARDQDINYAEQFF,TRAJ23,TRBJ2-1
TRAV7-1,TRBV13-1,CAVSSDYSNNRLTL,CASSDALGYEQYF,TRAJ7,TRBJ2-7
TRAV9N-3,TRBV31,CAVSSGGSNAKLTF,CAWSLGGWAEQFF,TRAJ42,TRBJ2-1
TRAV9N-3,TRBV12-1,CAVSSGYNQGKLIF,CASSLRDWGVQNTLYF,TRAJ23,TRBJ2-4
TRAV9-1,TRBV12-1,CAVSTTASLGKLQF,CASSLGQANSDYTF,TRAJ24,TRBJ1-2
TRAV9-4,TRBV15,CAVSVAGYQNFYF,CASSLGGRAETLYF,TRAJ49,TRBJ2-3
TRAV7N-5,TRBV13-1,CAVSVNTGNYKYVF,CASSDQGNTLYF,TRAJ40,TRBJ1-3
TRAV9-4,TRBV1,CAVSVTGNTGKLIF,CTCSAGGTEVFF,TRAJ37,TRBJ1-1
TRAV9D-1,TRBV13-3,CAVTNSAGNKLTF,CASSDPWGPYAEQFF,TRAJ17,TRBJ2-1
TRAV7-5,TRBV14,CAVTRNNNNAPRF,CASSPGLGYSSAETLYF,TRAJ43,TRBJ2-3
TRAV9N-3,TRBV12-2,CAVTSMNYNQGKLIF,CASSQGGQDTQYF,TRAJ23,TRBJ2-5
TRAV2,TRBV29,CIVTDRGNYQLIW,CASSLWGNEQYF,TRAJ33,TRBJ2-7
TRAV5-1,TRBV17,CSASATSSGQKLVF,CASSRELGRYAEQFF,TRAJ16,TRBJ2-1
TRAV5-1,TRBV3,CSASSLYQGGRALIF,CASSTGSQDTQYF,TRAJ15,TRBJ2-5
TRAV6-2,TRBV12-2,CVLGDGANTGKLTF,CASSRTGGALEQYF,TRAJ27,TRBJ2-7
TRAV6-1,TRBV12-2+TRBV13-2,CVLGEFSGSWQLIF,CASGGTGGNYAEQFF,TRAJ22,TRBJ2-1
TRAV6-1,TRBV5,CVLGQGGRALIF,CASSQDSYNNQAPLF,TRAJ15,TRBJ1-5
TRAV6-2,TRBV19,CVLGSSNTNKVVF,CASSMGDWGGSAETLYF,TRAJ34,TRBJ2-3
TRAV9-2,TRBV14,CVLRDTNAYKVIF,CASSFRGQDTQYF,TRAJ30,TRBJ2-5
TRAV9-2,TRBV1,CVLSAGSNNRIFF,CTCSAGGQGRTEVFF,TRAJ31,TRBJ1-1
TRAV9-2,TRBV2,CVLSAQSNNRIFF,CASSQEGTNTEVFF,TRAJ31,TRBJ1-1
TRAV9-2,TRBV5,CVLSDPYGNEKITF,CASSRDWGGGQNTLYF,TRAJ48,TRBJ2-4
TRAV9-2,TRBV1,CVLSQVTNSAGNKLTF,CTCSAGLGGREQYF,TRAJ17,TRBJ2-7
TRAV11,TRBV31,CVLVTNSGTYQRF,CAWDRGNSDYTF,TRAJ13,TRBJ1-2
TRAV6-1,TRBV31,CVVGLSGSFNKLTF,CAWDRGNSDYTF,TRAJ4,TRBJ1-2
TRAV11,TRBV12-2+TRBV13-2,CVVGDRGSALGRLHF,CASGEGRENTEVFF,TRAJ18,TRBJ1-1
TRAV11,TRBV13-1,CVVGDRGSALGRLHF,CASRGTANTEVFF,TRAJ18,TRBJ1-1
TRAV11,TRBV13-3,CVVGDRGSALGRLHF,CASSGTGTTNSDYTF,TRAJ18,TRBJ1-2
TRAV11,TRBV12-2+TRBV13-2,CVVGDRGSALGRLHF,CASVSGTGGAYAEQFF,TRAJ18,TRBJ2-1
TRAV11,TRBV12-2+TRBV13-2,CVVGNRGSALGRLHF,CASGPGLGYEQYF,TRAJ18,TRBJ2-7
